{"radius": 23.629166666666666, "p0": [314.49736858452377, -4.765834668903807], "p1": [231.0140386560122, 128.10904482515954], "p2": [165.26375743833276, 239.92655925911973]}