{"radius": 33.516393440341176, "p0": [-8.385330508329389, 146.40838923631955], "p1": [202.22064743655056, 37.79935503235194], "p2": [443.48156856747374, 110.02457978946181]}