{"x_min": 0.5, "y_min": 0.5, "x_max": 423.5, "y_max": 239.5, "x_span": 423.0, "y_span": 239.0, "Direction": "left_right", "Length": 423.0, "width": 67.20518867924528, "center": [196.07932970696612, 94.61437094227057], "EigenValues": [2596.556344516454, 13460.389352482794], "EigenVector": [0.9986941963898924, -0.051087200913211846], "EigenRatio": 5.1839388661482975, "lower_left": [-15.14449282949613, 105.41931393541488], "upper_right": [407.30315224342837, 83.80942794912626]}