{"x_min": 111.5, "y_min": 0.5, "x_max": 324.5, "y_max": 239.5, "x_span": 213.0, "y_span": 239.0, "Direction": "up_down", "Length": 239.0, "width": 47.858333333333334, "center": [222.1863137732892, 136.89169423646177], "EigenValues": [555.5164993245653, 6398.779500340675], "EigenVector": [-0.5217154410064506, 0.8531195687683203], "EigenRatio": 11.518612873102322, "lower_left": [284.53130897356004, 34.9439057686475], "upper_right": [159.84131857301836, 238.83948270427607]}